2024-04-30T05:49:05.991Z,7trEdl
2024-04-30T06:12:44.565Z,2Ln4ky
2024-04-30T06:14:26.172Z,qja3gt
2024-04-30T06:19:55.268Z,D9tdln
2024-04-30T06:22:47.391Z,uIi5Bb
2024-04-30T06:24:38.441Z,yV48VX
2024-04-30T06:28:45.449Z,xyLSYn
2024-04-30T06:30:42.035Z,hvc5i9
2024-04-30T06:36:35.242Z,15jJH9
2024-04-30T06:37:14.828Z,brYXgj
2024-04-30T06:42:24.404Z,VnaHL5
2024-04-30T06:43:35.728Z,5nAWYU
2024-04-30T06:46:49.475Z,DyawLg
2024-04-30T06:56:42.921Z,itscCV
2024-04-30T06:57:37.827Z,ozVvnL
2024-04-30T07:00:38.710Z,8pwcRu
2024-04-30T07:20:10.722Z,WLW78J
2024-04-30T07:24:46.109Z,nEavaf
2024-04-30T07:33:45.702Z,A5KgSx
2024-04-30T07:42:54.283Z,pOA2js
2024-04-30T08:29:58.297Z,iiP4RA
2024-04-30T08:39:50.800Z,k9BEFY
2024-04-30T08:46:42.041Z,59JG68
2024-04-30T08:51:43.988Z,02Q9FE
2024-04-30T11:27:27.719Z,Z0IbJV
2024-05-04T03:21:26.021Z,GrUDV0
2024-05-04T03:24:05.587Z,R0ln2V
2024-05-04T03:26:26.700Z,r3184J
2024-05-04T03:38:10.438Z,fPxpPb
2024-05-04T03:45:36.844Z,HaoRy7
2024-05-04T03:57:26.643Z,TJQk1C
2024-05-04T05:13:21.704Z,sXXwY3
2024-05-04T05:42:38.221Z,TLb4EQ
